{
  "friendly_name": "SendMail",
  "image_src": "blob:https://mohamedbenhariz.github.io/4d73978e-ccd4-4099-a21d-ee7db711a8de",
  "description": "Send Mail Via Google Account",
  "name": "typazatravail/sendmail:latest",
  "cores": 2,
  "memory": 2768,
  "gpu_count": 0,
  "cpu_allocation_method": "Inherit",
  "docker_registry": "https://index.docker.io/v1/",
  "categories": [
    "Desktop"
  ],
  "require_gpu": false,
  "enabled": true,
  "image_type": "Container",
  "architecture": [
    "arm64",
    "amd64"
  ]
}